{
  "3": {
    "coords": {
      "x": 55.648395721925134,
      "y": 121.77931034482758
    },
    "groupId": "3"
  },
  "4": {
    "coords": {
      "x": 185.74532085561498,
      "y": 121.02758620689654
    },
    "groupId": "4"
  },
  "5": {
    "coords": {
      "x": 272.9779411764706,
      "y": 123.28275862068965
    },
    "groupId": "5"
  },
  "6": {
    "coords": {
      "x": 272.9779411764706,
      "y": 195.44827586206895
    }
  },
  "12": {
    "coords": {
      "x": 131.76470588235296,
      "y": 36.79706601466992
    },
    "groupId": "12"
  },
  "13": {
    "coords": {
      "x": 601.6684491978609,
      "y": 67.78378378378378
    },
    "groupId": "13"
  }
}